"id","nombre","nit","direccion","telefono","ciudad","created_at","updated_at"
"1","Von-Gutkowski","3261870230","72077 Thompson Lodge Suite 629
East Jace, MA 81112-3736","+1-240-509-9241","Port Breanne","2024-03-06 13:04:50","2024-03-06 13:04:50"
"2","Walker-Herzog","4042302599","68703 Brianne Crescent
Rodriguezburgh, KY 79644-6034","818.470.1206","Bayerborough","2024-03-06 13:04:50","2024-03-06 13:04:50"
"3","Wilkinson, Davis and Labadie","4420515449","9329 Satterfield Crest
Lake Cheyenne, NC 19407-0745","+15418836764","Lake Eastonmouth","2024-03-06 13:04:50","2024-03-06 13:04:50"
"4","Conn Group","7064849577","7719 Damon Junctions Apt. 557
New Allenburgh, KY 40036","1-805-468-6940","Morarfurt","2024-03-06 13:04:50","2024-03-06 13:04:50"
"5","Ullrich Group","3113561426","63024 Jadyn Causeway Suite 038
West Shany, MD 18273","+1-419-828-5750","McClurebury","2024-03-06 13:04:50","2024-03-06 13:04:50"
"6","Mosciski LLC","816962486X","925 Beverly Trail Suite 218
Greenmouth, SD 29305","+1 (351) 892-8521","South Lomaton","2024-03-06 13:04:50","2024-03-06 13:04:50"
"7","Jakubowski Ltd","0967082552","12012 O'Kon Brooks
South Jolie, AL 02453-5700","320.266.1512","New Norenechester","2024-03-06 13:04:50","2024-03-06 13:04:50"
"8","Rau-O'Conner","5767051445","7795 Davis Shoal Suite 619
Heidenreichland, TN 64175","(470) 671-6349","Lake Ruth","2024-03-06 13:04:50","2024-03-06 13:04:50"
"9","Kovacek and Sons","2373025361","594 Bobby Trace
Selinabury, ID 51886","+19599218917","Hettingerborough","2024-03-06 13:04:50","2024-03-06 13:04:50"
"10","Parker and Sons","8770403325","85439 Lawrence Dale
West Yvette, OH 11052-0258","651.452.3717","Mathewside","2024-03-06 13:04:50","2024-03-06 13:04:50"
"11","Berge LLC","9096520262","41688 Nikki Haven Apt. 114
Michelleberg, PA 25314-0554","818.416.0171","Lakinburgh","2024-03-06 13:04:50","2024-03-06 13:04:50"
"12","Greenholt-Ortiz","4756292682","866 Ludie Loaf Apt. 764
Brettside, VA 30920","+13416793906","Alicefort","2024-03-06 13:04:50","2024-03-06 13:04:50"
"13","Blick and Sons","1275445535","15357 Randall Villages
Gulgowskimouth, DC 61240-1741","575-934-7284","Bayerland","2024-03-06 13:04:50","2024-03-06 13:04:50"
"14","Walsh-Hackett","5662816298","76191 Retha Ramp Apt. 412
Ricechester, MI 56721","+1.779.605.1904","West Ilenebury","2024-03-06 13:04:50","2024-03-06 13:04:50"
"15","Champlin-Little","5337384600","838 Hansen Tunnel Apt. 390
Leopoldshire, KS 15383","+1.430.307.0249","New Milanside","2024-03-06 13:04:50","2024-03-06 13:04:50"
"16","Sipes-Stanton","6752787131","6438 Becker Heights Suite 310
New Yazmin, CT 32766","1-352-769-8219","New Merl","2024-03-06 13:04:50","2024-03-06 13:04:50"
"17","Cartwright, Cormier and Goodwin","1293026131","17311 Fabian Points
South Hettiefort, OR 22409","+14802869794","Blickville","2024-03-06 13:04:50","2024-03-06 13:04:50"
"18","VonRueden-Kilback","3732211843","311 Goyette Route
Ullrichview, CO 56215-7914","(480) 819-9453","Lake Marisa","2024-03-06 13:04:50","2024-03-06 13:04:50"
"19","Greenholt Ltd","7910900783","9114 Leannon Fork
Jewellburgh, AL 54201-8592","(347) 219-6307","North Sydniport","2024-03-06 13:04:50","2024-03-06 13:04:50"
"20","Luettgen Group","6713624375","514 Price Via Suite 446
Lake Neal, DE 99973","539.923.8298","Lake Christophe","2024-03-06 13:04:50","2024-03-06 13:04:50"
"21","Torp Ltd","1872112749","36896 Janelle Knoll Apt. 468
Johnstonberg, FL 70536-2312","1-575-818-8843","Bernierstad","2024-03-06 13:04:50","2024-03-06 13:04:50"
"22","Walsh Group","9314156206","82949 Amanda Trace Suite 646
North Pink, WV 84119-9873","616-647-3697","Lake Christburgh","2024-03-06 13:04:50","2024-03-06 13:04:50"
"23","Collins, Mann and Pagac","5113096822","34415 Mariah Harbor
South Kiaraville, AL 42603-1869","(802) 455-2250","East Ephraim","2024-03-06 13:04:50","2024-03-06 13:04:50"
"24","Larkin-Emmerich","7238948923","1102 Keanu Forges
New Raymundo, DE 72934-8108","+1-762-558-4765","New Keyshawnborough","2024-03-06 13:04:50","2024-03-06 13:04:50"
"25","D'Amore, Quitzon and Cronin","0194378306","54171 Bernie Trail
Malikaborough, LA 07606","1-253-412-7489","South Everette","2024-03-06 13:04:50","2024-03-06 13:04:50"
"26","Schroeder-Miller","9991191976","7013 Hane Fort
South Adonismouth, WV 03045-9343","+1 (534) 872-8720","Maximilliamouth","2024-03-06 13:04:50","2024-03-06 13:04:50"
"27","Daugherty-Koch","7293795424","349 Rolfson Overpass Suite 009
Jakeland, DC 45456","1-520-749-2048","South Selina","2024-03-06 13:04:50","2024-03-06 13:04:50"
"28","Hand, Stark and Hoeger","7666160399","8030 Douglas Bridge
Lake Francoland, MO 44442-9121","+17407726750","Jessikaview","2024-03-06 13:04:50","2024-03-06 13:04:50"
"29","Rutherford Inc","3553181060","71928 Annamae Centers
Orvalside, TN 11965-4266","+1-307-759-7445","South Caterina","2024-03-06 13:04:50","2024-03-06 13:04:50"
"30","Parisian PLC","4504479737","10988 Bogisich Heights
Elenoraberg, MN 43444","1-332-368-7370","Lake Isai","2024-03-06 13:04:50","2024-03-06 13:04:50"
"31","Grant Group","8998103087","5359 Jose Throughway
East Kenyaburgh, OH 12575","1-360-804-5574","East Bo","2024-03-06 13:04:50","2024-03-06 13:04:50"
"32","Jast, Rohan and Smitham","032955204X","993 Tremblay Village Apt. 358
West Arnulfotown, AK 45324-7673","+18289366403","New Brooklyn","2024-03-06 13:04:50","2024-03-06 13:04:50"
"33","Lynch LLC","7752781258","68312 Mitchel Place
South Loraine, UT 37356","+1-480-548-1304","Shanefurt","2024-03-06 13:04:50","2024-03-06 13:04:50"
"34","Dach Group","9818896378","872 Ruthie Circle
New Natasha, MS 08594","947-666-8551","Lloydton","2024-03-06 13:04:50","2024-03-06 13:04:50"
"35","Mueller LLC","3203343959","1585 Sydnee Trail
North Reece, IN 31294-7525","580-298-0033","Nicholaschester","2024-03-06 13:04:50","2024-03-06 13:04:50"
"36","Beier-Braun","6370770914","585 Trenton Trafficway
North Jabarishire, OH 01383","(406) 507-0139","South Edwardo","2024-03-06 13:04:50","2024-03-06 13:04:50"
"37","Nolan Inc","2606722167","3679 Bruen Grove Apt. 587
South Lydaburgh, GA 70125-6641","+1-930-864-3739","South Laurianne","2024-03-06 13:04:50","2024-03-06 13:04:50"
"38","Brakus PLC","0581160738","39051 Fae Manors
Ratkemouth, UT 69230-1326","856-780-1893","North Eudora","2024-03-06 13:04:50","2024-03-06 13:04:50"
"39","Koss-Schultz","6276022489","136 Upton Stream Suite 097
Grantport, AR 72967-8190","+1-731-589-2129","Port Olastad","2024-03-06 13:04:50","2024-03-06 13:04:50"
"40","Hartmann PLC","7458267720","7249 Samanta Camp
South Jaquelin, MS 44872","+14247856122","Leannmouth","2024-03-06 13:04:50","2024-03-06 13:04:50"
"41","Frami Inc","5560371335","1225 Luigi Groves Suite 593
East Bert, CO 81049-2395","312-301-7380","North Salvador","2024-03-06 13:04:50","2024-03-06 13:04:50"
"42","Collier-Nitzsche","7467063415","98491 Kautzer Branch Suite 613
New Yolanda, NV 19144","1-484-708-3867","Moenfort","2024-03-06 13:04:51","2024-03-06 13:04:51"
"43","Jacobi Inc","5124194545","67769 Kelsi Crescent
West Leonor, SC 25298-4490","(325) 992-0525","New Eugene","2024-03-06 13:04:51","2024-03-06 13:04:51"
"44","Blick PLC","4459555859","59047 Humberto Cape
Hilperthaven, ND 62523-1643","458-769-9265","West Lillamouth","2024-03-06 13:04:51","2024-03-06 13:04:51"
"45","Bayer Ltd","4847760832","79940 Rippin Lights
Niastad, NJ 13568-6252","+1 (757) 955-7133","Rolandoshire","2024-03-06 13:04:51","2024-03-06 13:04:51"
"46","Bauch, Stehr and Thiel","6440551671","635 Bridgette Roads Apt. 525
Albertachester, WY 24101-8062","+15519809766","New Deliaberg","2024-03-06 13:04:51","2024-03-06 13:04:51"
"47","Crooks-Ullrich","1171417756","327 Williamson Courts
Port Conradberg, MN 24327-3415","763.200.2740","Port Estel","2024-03-06 13:04:51","2024-03-06 13:04:51"
"48","Daugherty and Sons","9811984700","88525 Abbey Shore
New Pinkie, WI 17408-1954","512.293.6398","Port Groverchester","2024-03-06 13:04:51","2024-03-06 13:04:51"
"49","Moen-VonRueden","9308245782","34642 Stark Fords
Chanceton, MD 91386","+1.681.517.8354","Rodriguezstad","2024-03-06 13:04:51","2024-03-06 13:04:51"
"50","Reynolds, Ziemann and Parker","1013289552","33853 Boehm Meadow
South Jaren, NC 52961-2700","+1 (615) 680-8804","Lake Elva","2024-03-06 13:04:51","2024-03-06 13:04:51"
"51","Schmitt Ltd","742547848X","1846 Britney Plaza
Schuppehaven, AR 90156","+1-708-319-8550","Boganfurt","2024-03-06 13:04:51","2024-03-06 13:04:51"
"52","Jakubowski LLC","3692012861","9477 Hettinger Bridge Apt. 538
South Juvenal, NM 79486","+13363618130","Effertzchester","2024-03-06 13:04:51","2024-03-06 13:04:51"
"53","Volkman, Yundt and Smith","5658595770","7184 O'Reilly Landing
South Vernerstad, AL 65545-2586","+16789590811","Jaleelville","2024-03-06 13:04:51","2024-03-06 13:04:51"
"54","Cronin-Marks","4110742315","84659 Zboncak Walks
North Adanfurt, PA 51888-8476","+12839226626","Vivianemouth","2024-03-06 13:04:51","2024-03-06 13:04:51"
"55","Graham Ltd","3234224676","51905 Miller Ferry Suite 715
West Georgetteland, NC 57646-4753","515-810-7062","North Kathrynebury","2024-03-06 13:04:51","2024-03-06 13:04:51"
"56","Ferry-Hermiston","121257270X","603 Alycia Common Suite 594
New Darlenestad, AR 17563","+1.443.352.7595","Lake Xander","2024-03-06 13:04:51","2024-03-06 13:04:51"
"57","Haley Ltd","3038522201","163 Kirlin Flat
Feltonborough, WY 88900","520-478-0509","Theodorabury","2024-03-06 13:04:51","2024-03-06 13:04:51"
"58","Botsford and Sons","3409577092","50944 Courtney Station Apt. 265
Thielfurt, AL 75571-9125","262-701-2577","Port Soledad","2024-03-06 13:04:51","2024-03-06 13:04:51"
"59","Rodriguez-Hartmann","7892500588","94323 Friesen Hills Apt. 994
Port Gusburgh, NV 12985-2374","540-233-8080","Wallaceshire","2024-03-06 13:04:51","2024-03-06 13:04:51"
"60","VonRueden-Towne","5990045182","43276 Olson Rue Suite 050
Lake Meta, NH 12886-9667","1-640-965-1662","Lake Hyman","2024-03-06 13:04:51","2024-03-06 13:04:51"
"61","Connelly PLC","3362467865","1056 Kellie Well Apt. 958
Justusside, TN 36333-8763","+1-239-331-3040","North Kailyn","2024-03-06 13:04:51","2024-03-06 13:04:51"
"62","Macejkovic-Kiehn","9000489504","903 Clare Isle Suite 496
East Viva, WI 52211","+1-559-739-5711","Tamarafort","2024-03-06 13:04:51","2024-03-06 13:04:51"
"63","Kemmer, Stoltenberg and Sporer","4614565468","4699 Medhurst Mills
Floydport, MI 01694-2002","+1 (754) 446-7276","Russelstad","2024-03-06 13:04:51","2024-03-06 13:04:51"
"64","Wyman-Luettgen","1420694383","599 Toy Islands Suite 717
West Hadleyview, CA 58085-2577","231.941.6286","East Rosella","2024-03-06 13:04:51","2024-03-06 13:04:51"
"65","Smith, Lueilwitz and Macejkovic","5313884670","70848 Kuvalis Islands
Cummingshaven, WA 86979-6354","1-765-305-8891","New Camronville","2024-03-06 13:04:51","2024-03-06 13:04:51"
"66","Smitham PLC","8428170487","8852 Watsica Gardens
Elmirafurt, PA 04522-3821","+1.870.568.7924","Lake Haileymouth","2024-03-06 13:04:51","2024-03-06 13:04:51"
"67","Reichel-Stracke","2948212316","493 Laurine Camp
Russelside, AL 77149-6588","+18583722770","Bradtketon","2024-03-06 13:04:51","2024-03-06 13:04:51"
"68","Baumbach, Thiel and Lind","348392910X","49470 Kaley Lake Apt. 174
Adelinehaven, DC 72655-6710","+19569171062","New Domingoland","2024-03-06 13:04:51","2024-03-06 13:04:51"
"69","Spinka and Sons","688857976X","28982 Abner Underpass Suite 519
Port Elnora, CT 26827","660-415-2631","Nathanaelfurt","2024-03-06 13:04:51","2024-03-06 13:04:51"
"70","O'Hara-Medhurst","3340763941","5414 Zieme Stream Suite 499
Altenwerthberg, CA 39667","980-833-4637","Port Kristianfort","2024-03-06 13:04:51","2024-03-06 13:04:51"
"71","Smitham, Runolfsson and Botsford","4610443880","354 Khalid Junctions Apt. 082
Brownside, VT 75768-3190","+1-917-202-8540","Port Gordon","2024-03-06 13:04:51","2024-03-06 13:04:51"
"72","Wilkinson PLC","7301358180","10095 Skyla Brooks
Kuhicshire, WI 23275-8369","820.398.6521","North Brooke","2024-03-06 13:04:51","2024-03-06 13:04:51"
"73","Bailey-Schmeler","2695811470","5924 Armstrong Dam Suite 417
Lake Dessieport, WY 05205","551-273-5888","Balistreriport","2024-03-06 13:04:51","2024-03-06 13:04:51"
"74","Hickle-Wuckert","6484617384","873 Smitham Forks Suite 605
West Donnieville, DE 70312-2666","+1 (934) 668-8240","New Rickey","2024-03-06 13:04:51","2024-03-06 13:04:51"
"75","Zboncak Group","2123457760","98697 Muriel Brooks
Lake Percivalborough, CA 75699-9079","+17322005508","East Camdenbury","2024-03-06 13:04:51","2024-03-06 13:04:51"
"76","O'Connell, Braun and Murazik","3417589479","223 Brigitte Point
Helmertown, TX 00653-6560","+1-838-653-4011","Bartside","2024-03-06 13:04:51","2024-03-06 13:04:51"
"77","Kunde-Heller","3171171058","31272 Sammy Curve
South Guyside, IA 41676-9546","+1 (934) 705-8288","East Rafaelaton","2024-03-06 13:04:51","2024-03-06 13:04:51"
"78","Greenfelder Ltd","8759895306","474 McKenzie Viaduct
Lynchbury, ID 92074-4239","270.281.6982","New Giovannyfort","2024-03-06 13:04:51","2024-03-06 13:04:51"
"79","Mitchell-O'Hara","2329058810","6311 Savanah Village Suite 128
Luellabury, OK 07215-4573","517.433.4852","South Abelardoside","2024-03-06 13:04:51","2024-03-06 13:04:51"
"80","Schuster-Hackett","0056130112","365 Josefa Villages
Dahliaville, MS 28875","1-609-778-7360","North Keaton","2024-03-06 13:04:51","2024-03-06 13:04:51"
"81","Harvey PLC","1568538251","259 Monique Mount
Andreanefort, MN 72070-0888","+1 (530) 905-3731","South Ellsworth","2024-03-06 13:04:51","2024-03-06 13:04:51"
"82","Zieme, Schiller and Cormier","1574179748","29799 Upton Camp
Dayneport, MA 17431","(346) 577-1202","Kayceemouth","2024-03-06 13:04:51","2024-03-06 13:04:51"
"83","Abernathy PLC","1489955097","7484 Lubowitz Turnpike
East Joelle, KS 97661","+1-305-827-1694","East Fernburgh","2024-03-06 13:04:51","2024-03-06 13:04:51"
"84","Wilkinson-Olson","7394069842","72263 Tevin Springs
Harmonybury, CO 78890-1849","1-984-853-0858","West Rowena","2024-03-06 13:04:51","2024-03-06 13:04:51"
"85","Reilly and Sons","7765153994","33566 Little Throughway Suite 040
Owenfort, NH 84362","+19349655795","North Pablo","2024-03-06 13:04:51","2024-03-06 13:04:51"
"86","Frami, Casper and Feil","2823926798","144 Bauch Forge
Ferneside, WI 99741-9483","251.984.6170","South Petrafurt","2024-03-06 13:04:51","2024-03-06 13:04:51"
"87","Morissette-Walter","7744335376","37863 Huel Street Suite 798
Gleasonberg, AL 78904","1-734-760-4386","West Earlene","2024-03-06 13:04:51","2024-03-06 13:04:51"
"88","Shields Group","5323332298","2145 Lawson Corner Apt. 580
Lake Curtisland, IL 62471","+1.360.735.3448","South Irma","2024-03-06 13:04:51","2024-03-06 13:04:51"
"89","Howe LLC","0886155770","2069 Lueilwitz Crossroad
South Johnsonstad, TX 71364","1-754-622-2239","Jaceberg","2024-03-06 13:04:51","2024-03-06 13:04:51"
"90","Jerde, Bailey and Kub","4293833064","73482 Glover Unions
West Korey, WV 72663-7459","+1 (608) 703-8392","New Linnieside","2024-03-06 13:04:51","2024-03-06 13:04:51"
"91","Zieme-Jenkins","3682569510","8646 Mohr Squares Suite 589
Gleichnerside, OK 65229-5303","+19859767722","Candacetown","2024-03-06 13:04:51","2024-03-06 13:04:51"
"92","Lueilwitz-Flatley","3869307544","561 Stanton Islands Suite 377
South Adan, OK 57194","802.777.7709","North Milan","2024-03-06 13:04:51","2024-03-06 13:04:51"
"93","Lakin, Mills and Schmitt","3290397939","582 Hubert Motorway Suite 337
Martinamouth, HI 28280","+1-662-507-4975","New Earnestinestad","2024-03-06 13:04:51","2024-03-06 13:04:51"
"94","Reynolds, Mraz and Hettinger","3609467983","89691 Haley Square Apt. 080
Schadenburgh, MD 11861-2871","+13157327248","Clementinachester","2024-03-06 13:04:51","2024-03-06 13:04:51"
"95","McKenzie Inc","9963693156","52284 Purdy River
Jamilview, IN 48602-8701","407.728.0937","West Monserratport","2024-03-06 13:04:51","2024-03-06 13:04:51"
"96","Kertzmann, Friesen and Yundt","0983800723","2477 Alisha Lakes
Kosschester, NM 93922-8773","(463) 646-0375","North Budmouth","2024-03-06 13:04:51","2024-03-06 13:04:51"
"97","Macejkovic-O'Conner","5196714715","96257 Howell Lodge Suite 304
Athenaborough, UT 75739","+1-479-728-5419","West Rozellaport","2024-03-06 13:04:51","2024-03-06 13:04:51"
"98","Jones-Fahey","0978787544","4374 Orn Haven
Lake Ryley, ID 80814","+1.726.700.3880","Lake Caitlyntown","2024-03-06 13:04:51","2024-03-06 13:04:51"
"99","Zemlak, Stark and Rempel","654544798X","24141 Kris Hill
Port Lori, SD 66571-3449","408.462.2581","O'Haraview","2024-03-06 13:04:51","2024-03-06 13:04:51"
"100","Bailey-Metz","1652067795","274 Connelly Estate Suite 324
East Jacklynfort, OR 09449-0896","1-551-947-4456","East Cassandra","2024-03-06 13:04:51","2024-03-06 13:04:51"
"101","Nolan and Sons","1004753357","368 Glover Views Suite 915
Corkeryview, LA 50885-2402","+1 (361) 657-6136","Hoppeland","2024-03-06 13:04:51","2024-03-06 13:04:51"
